scenario,split,setup,MAE,RMSE,R2
HOLDOUT,ALL→ALL,base_W30_H1,0.02801887141183773,0.06059925111480643,0.9627171111099723
HOLDOUT,ALL→ALL,eng_W60_H5,0.017554746232150444,0.0566034879759382,0.9675342657907814
XBAT,TRAIN != B0005,base_W30_H1,0.04173365170529371,0.07497175802818819,0.9428639533207558
XBAT,TRAIN != B0005,eng_W60_H5,0.04576747751444308,0.11928359922081451,0.8553712832651943
XBAT,TRAIN != B0006,base_W30_H1,0.0826219339735209,0.12516952115254418,0.8447474531868457
XBAT,TRAIN != B0006,eng_W60_H5,0.09260000196386607,0.16834032597628937,0.7191668067438048
XBAT,TRAIN != B0018,base_W30_H1,0.10055700341023138,0.13345005361865953,0.8157388689735003
XBAT,TRAIN != B0018,eng_W60_H5,0.09185159027648938,0.17520773189640898,0.6821512184182952
